anon_id,user_id,identified_date
a_4037309927,U100042,2026-01-23
a_7323687718,U101827,2026-04-22
a_2880292048,,
a_7380497003,U100606,2026-05-15
a_1848415016,U100476,2026-01-13
a_3128235721,U100941,2026-08-05
a_6494550493,,
a_4744313656,U100671,2026-03-25
a_9429646775,U102002,2026-06-01
a_6824280631,U100959,2026-01-09
a_9040020938,U100200,2026-02-21
a_7628559913,U101691,2026-02-14
a_8574594644,U100458,2026-06-18
a_7881120778,U100340,2026-03-04
a_3288522394,U100933,2026-07-28
a_6227923810,U100815,2026-04-07
a_4195898403,U100100,2026-02-17
a_4678269458,U101304,2026-04-23
a_4179430753,U100940,2026-03-03
a_3051379936,U101949,2026-04-16
a_5219793900,U101820,2026-05-20
a_8285718364,U100915,2026-02-07
a_4212298663,U100069,2026-03-12
a_7633579856,,
a_7348023821,U101550,2026-06-15
a_6385180817,U100601,2026-03-28
a_4894644543,U100130,2026-06-26
a_4691610267,U100278,2026-01-25
a_2055579220,U100033,2026-01-30
a_8669298206,U100286,2026-06-03
a_4690720653,,
a_5539933161,U100041,2026-07-06
a_3614876440,U101172,2026-06-17
a_5752767011,,
a_7020791537,U101999,2026-02-05
a_1780403093,U100757,2026-02-13
a_1752840012,U100722,2026-02-22
a_6813265220,U100175,2026-04-15
a_4079669613,U101660,2026-02-13
a_3923440017,U100561,2026-02-11
a_7018730188,U100898,2026-08-01
a_6694437557,U100625,2026-01-12
a_2879520656,U101919,2026-05-06
a_8602168067,U101360,2026-04-03
a_3026098389,U100860,2026-02-07
a_4625276255,U100936,2026-03-08
a_4720324747,U101118,2026-02-27
a_9001896683,U100221,2026-07-08
a_5297658802,U100073,2026-07-05
a_7512737503,U101508,2026-04-16
a_7664284431,U100537,2026-05-30
a_3846594329,U101709,2026-05-01
a_9543161886,U101502,2026-05-09
a_2583987634,,
a_1871701439,,
a_4008794700,,
a_6021442930,U101898,2026-06-19
a_5970800461,U100151,2026-03-26
a_3119696841,U100397,2026-08-05
a_5128642296,U101028,2026-04-05
a_5940846239,U101886,2026-05-23
a_2060937875,U100216,2026-04-05
a_2927362857,U100336,2026-08-03
a_5849665733,,
a_3185992246,U100188,2026-03-14
a_2175373218,U100499,2026-03-17
a_5041967182,U101611,2026-02-15
a_1769027755,U101371,2026-07-31
a_1771546520,U101153,2026-04-09
a_7636830732,U101710,2026-01-22
a_5734194766,U100508,2026-07-13
a_3414071789,U100279,2026-05-01
a_8184119674,U101041,2026-05-13
a_1432802016,U100801,2026-03-01
a_2319660562,U100702,2026-05-12
a_7836895425,U100265,2026-03-22
a_7534252893,U101399,2026-06-09
a_1157448045,U100834,2026-03-17
a_7422186240,U101426,2026-08-02
a_3212860372,,
a_3020257502,U100038,2026-03-10
a_9559974692,,
a_9899593976,U101535,2026-05-13
a_1656161652,,
a_9228422779,U101193,2026-06-23
a_4479551851,U100501,2026-03-27
a_2661025986,U100060,2026-05-17
a_5216239264,U101812,2026-04-01
a_5856188716,U100694,2026-07-18
a_6297736004,,
a_3389246222,U100828,2026-07-12
a_3507786658,U102006,2026-07-19
a_1099781455,U101605,2026-05-09
a_7690874725,U101117,2026-07-13
a_7026767497,U100127,2026-08-07
a_2251216013,U100366,2026-02-17
a_8887166663,U100635,2026-03-16
a_4215766643,U100785,2026-04-19
a_2772801498,U100472,2026-05-03
a_4756892564,U101406,2026-06-02
a_3765639975,U100239,2026-05-15
a_1010667842,U100135,2026-07-13
a_5191758236,,
a_2890451065,U100433,2026-06-07
a_4717232038,U101596,2026-04-20
a_4387668628,,
a_1951046182,U100080,2026-07-14
a_3278133154,U101276,2026-02-18
a_9681170791,U100203,2026-04-06
a_5031644445,U101880,2026-07-08
a_8258913287,U100673,2026-05-25
a_4047393829,U100952,2026-02-12
a_7704987402,U100687,2026-08-06
a_6399340728,U101318,2026-05-29
a_8767477579,,
a_8623735585,U101204,2026-07-16
a_4675092209,U101541,2026-07-08
a_4893255683,U100735,2026-08-14
a_1525634179,U101970,2026-05-04
a_5506728169,U100272,2026-07-13
a_4996995871,U100610,2026-06-14
a_7444896466,U101778,2026-01-30
a_1145529482,U101745,2026-04-25
a_6912901048,U101267,2026-05-02
a_3542177556,,
a_5842670274,U100349,2026-01-18
a_1552862621,U100152,2026-04-19
a_9705871099,U101589,2026-05-12
a_8199219427,U101283,2026-06-15
a_1477859616,,
a_5265624738,U100820,2026-05-15
a_6692498609,,
a_1101839633,U101775,2026-07-01
a_8902551019,U100329,2026-04-13
a_7255921355,U100751,2026-08-16
a_7840187783,U101957,2026-06-24
a_1744411155,,
a_8886811245,U101721,2026-08-13
a_8890843506,U100862,2026-04-09
a_1991315653,U100921,2026-07-02
a_7975214986,U100325,2026-01-10
a_2483700191,U100798,2026-05-22
a_8628990565,U101031,2026-07-12
a_1585264480,U100093,2026-03-26
a_8090857245,U100906,2026-05-21
a_1950245733,U101934,2026-01-04
a_6936727792,U100271,2026-04-24
a_7365802486,U100413,2026-05-10
a_1073708370,U100971,2026-07-17
a_3298336150,U100012,2026-06-08
a_1852842914,,
a_3674600497,,
a_4880825344,U102008,2026-05-01
a_6127172965,U100304,2026-02-26
a_6284636629,U100997,2026-01-11
a_5801224573,U101786,2026-06-02
a_9050522472,U101847,2026-03-28
a_9889116490,U100503,2026-07-21
a_3384237863,U100317,2026-01-21
a_8599179839,,
a_7008434884,U100716,2026-04-27
a_6733107130,U101042,2026-02-24
a_6485804623,U101227,2026-03-27
a_7833224229,U101358,2026-03-05
a_6752880450,U101424,2026-07-27
a_3087082574,U101833,2026-07-01
a_4669580259,U100540,2026-07-27
a_9255399807,U101303,2026-06-01
a_3500660930,U100993,2026-05-02
a_2304505675,U100701,2026-02-03
a_1761881963,U100319,2026-07-25
a_5732198249,U101860,2026-06-28
a_8701954258,U101238,2026-05-03
a_2953334435,U100942,2026-04-13
a_2524927966,U101107,2026-04-14
a_8056057935,U101828,2026-04-18
a_8359855362,U100036,2026-07-04
a_3240152371,,
a_6207997447,U100217,2026-02-27
a_8269770781,U100002,2026-02-06
a_7802564071,U100348,2026-05-03
a_7432759584,U101552,2026-03-06
a_4247160091,U100709,2026-05-23
a_7313084237,U101142,2026-05-23
a_5199500580,U100908,2026-01-21
a_4878510909,U100442,2026-06-28
a_9189779008,U101416,2026-01-28
a_2067324556,U100726,2026-02-12
a_2919087469,U101480,2026-08-04
a_8873816363,U101205,2026-08-12
a_7948466154,U101211,2026-08-10
a_2197509936,U100618,2026-04-09
a_8194100045,U100214,2026-05-02
a_4298554993,U101856,2026-02-27
a_6344305619,U101505,2026-03-27
a_2896548253,U101621,2026-06-08
a_6456742329,U100641,2026-03-15
a_2945433926,U101914,2026-01-17
a_7428619807,U100613,2026-07-01
a_2237024890,U100897,2026-07-18
a_4050579752,U100609,2026-07-22
a_6493357826,U100911,2026-04-27
a_9327838255,U100551,2026-05-06
a_5112294737,,
a_7497202377,U101846,2026-03-11
a_2737010856,U101681,2026-01-18
a_4168126094,,
a_1560232570,U101150,2026-07-02
a_9933057526,U101336,2026-05-19
a_3147492940,U101981,2026-08-07
a_5834978555,,
a_2579428271,U100355,2026-05-28
a_6420081228,,
a_3636632060,U100659,2026-02-25
a_7826123501,U101479,2026-05-22
a_3255681934,U100229,2026-02-09
a_8409100469,U100427,2026-05-08
a_7110834837,U100398,2026-05-19
a_8673448429,,
a_3483002109,U101665,2026-02-27
a_2513994995,U101053,2026-05-27
a_3048488803,U100082,2026-07-25
a_5654677591,U101163,2026-02-19
a_4743311150,U101017,2026-05-21
a_4834100266,U100077,2026-06-13
a_5428458675,U101362,2026-02-25
a_9509030808,U100646,2026-07-27
a_2405046981,U101626,2026-04-29
a_9879789325,U101722,2026-07-14
a_9945151680,U101916,2026-07-11
a_8234996358,U100861,2026-07-31
a_3619164066,U101754,2026-02-23
a_3707239027,U100369,2026-01-17
a_2704833044,U101050,2026-03-10
a_4770433887,U100664,2026-01-27
a_2429541003,U101488,2026-03-20
a_1031511100,,
a_2362530685,,
a_3835128080,U101978,2026-03-12
a_2281512853,,
a_7098265453,U100710,2026-06-23
a_4859672266,U100810,2026-06-01
a_6357072348,,
a_8302471997,U101472,2026-04-30
a_8741259055,U101739,2026-07-31
a_2177020067,U100195,2026-05-29
a_7873341702,U101055,2026-04-08
a_8443803156,U101165,2026-02-20
a_2312694859,,
a_9318833442,U101782,2026-07-05
a_9035087325,U101023,2026-02-05
a_9649267184,U101905,2026-05-05
a_8409765618,U100737,2026-05-02
a_7015115783,U101962,2026-06-02
a_8428115083,U100592,2026-07-30
a_4169094305,U101670,2026-07-22
a_5189285905,,
a_9677055940,U101033,2026-04-17
a_3079922740,U101418,2026-03-07
a_3180303255,U100117,2026-04-24
a_1783451595,U101873,2026-03-25
a_2555520355,U100333,2026-02-19
a_8114694658,U101868,2026-06-12
a_4509456732,U101275,2026-01-21
a_2643242179,,
a_7267626248,U100965,2026-04-29
a_3650398279,U100087,2026-02-11
a_2926729830,U100764,2026-05-03
a_6454182456,U100995,2026-07-25
a_6766698310,,
a_6656820950,U101927,2026-06-14
a_3924839106,U101746,2026-05-09
a_9086327952,U100786,2026-04-20
a_1821912758,U100577,2026-05-24
a_8792060140,U101644,2026-03-02
a_2662088539,U101128,2026-02-18
a_7970481564,U101900,2026-02-15
a_6141562066,,
a_9659087527,U100926,2026-07-10
a_7833072166,U100530,2026-03-31
a_9600987579,,
a_3556991290,U101526,2026-03-21
a_5028274717,U101046,2026-04-06
a_5329813382,U101123,2026-02-01
a_7789753640,U101907,2026-06-08
a_9779534794,,
a_4306511763,U101841,2026-06-15
a_2077043480,U101119,2026-08-23
a_3457945957,U101885,2026-08-17
a_2646193776,,
a_4424043368,U101737,2026-06-28
a_5719635367,U102007,2026-02-12
a_1188574149,,
a_9864595626,U101546,2026-05-24
a_6640288355,U100851,2026-04-05
a_2274554889,,
a_2476669212,U100539,2026-07-09
a_5824154914,U100678,2026-06-29
a_5023737683,U100599,2026-03-02
a_3084690945,U101348,2026-03-17
a_3073152103,U101758,2026-05-09
a_3575795482,U100536,2026-07-21
a_1511887680,U100835,2026-04-29
a_2437186195,U101453,2026-07-16
a_9556198734,,
a_4471257817,U101381,2026-04-02
a_6931392994,,
a_7674476611,U101553,2026-03-21
a_8475442666,U101299,2026-05-29
a_6591034480,,
a_4895556331,U100691,2026-07-03
a_1762613325,U101116,2026-01-30
a_4361445288,U101667,2026-07-13
a_6888451903,,
a_9867590970,,
a_3086012582,U100943,2026-07-14
a_4106020737,U101327,2026-08-10
a_3260299515,U100232,2026-07-07
a_1162268309,U100046,2026-08-05
a_3995659722,U100259,2026-03-23
a_4690060637,,
a_7543165272,U101458,2026-07-02
a_7056863010,,
a_5912659299,U101063,2026-02-06
a_9724449159,U101471,2026-07-01
a_5853471425,,
a_6294009317,U101522,2026-05-24
a_5356440925,U101829,2026-04-03
a_6261635763,U100784,2026-02-07
a_8383886243,U100447,2026-05-23
a_8830407157,U100967,2026-07-04
a_3007900988,U100088,2026-04-19
a_6957593093,U100168,2026-04-08
a_3577842716,U101068,2026-03-12
a_7582110105,U101316,2026-05-20
a_7694125840,U100067,2026-02-02
a_3600653680,,
a_6421580513,U100363,2026-05-22
a_9618151158,U100922,2026-01-30
a_1604198784,U100632,2026-03-05
a_5161378178,U100345,2026-07-14
a_1517627444,U100494,2026-05-16
a_3202598061,U101651,2026-01-29
a_1832790353,U100544,2026-03-30
a_1453567029,U101243,2026-06-18
a_3482127267,U101049,2026-04-07
a_4096515326,,
a_2341000835,U101018,2026-02-01
a_9335659200,U100136,2026-07-19
a_1811005883,U100489,2026-02-19
a_4998001524,U101178,2026-06-11
a_3111144493,U101129,2026-01-31
a_2598447352,,
a_5173942906,U101606,2026-02-27
a_1943907711,U100730,2026-06-02
a_2009425616,U101887,2026-05-23
a_6068060020,U101092,2026-05-29
a_6371098416,U100950,2026-05-03
a_4590822306,U101969,2026-03-15
a_7341039329,U101323,2026-03-30
a_9287710187,,
a_4997980041,U101395,2026-04-06
a_1096920136,U101516,2026-03-22
a_1049652196,U100024,2026-01-03
a_5353606181,U100535,2026-06-21
a_5418768395,U100356,2026-03-02
a_6519716361,U100770,2026-08-09
a_1410869941,U101101,2026-06-07
a_5466685211,U100268,2026-03-16
a_9591691782,U101086,2026-03-31
a_3658182928,,
a_9092172196,U100287,2026-04-01
a_8203179884,U100402,2026-03-24
a_5160339553,,
a_7976009040,U100107,2026-06-28
a_9278855280,U101397,2026-06-10
a_8815357375,U100795,2026-02-18
a_4460731829,U100053,2026-07-22
a_9338728868,,
a_9091295308,U101832,2026-02-11
a_8933095842,U101785,2026-06-21
a_1554708462,U100746,2026-07-06
a_6331079739,U101586,2026-08-06
a_1638148848,U100672,2026-02-21
a_4416780903,U100207,2026-02-22
a_7875464086,U100083,2026-02-13
a_8346215020,,
a_5153838688,U101585,2026-05-17
a_9958679608,,
a_3329210295,U100767,2026-06-15
a_3440879477,U100736,2026-08-17
a_4742360095,U101465,2026-04-07
a_2938648801,U100873,2026-05-31
a_6481638998,U100925,2026-05-01
a_3679720705,,
a_1102593065,U100640,2026-02-18
a_2973125371,,
a_8792706759,U101259,2026-05-25
a_5033451798,U101506,2026-04-05
a_4928452280,U100070,2026-07-11
a_1872924594,U101080,2026-03-03
a_6194174685,,
a_1112044232,U101474,2026-07-19
a_4408854914,U100984,2026-03-07
a_5412939860,U100174,2026-05-17
a_4169311358,,
a_8151629421,U100505,2026-07-30
a_6717653457,,
a_3865313401,U100819,2026-07-01
a_8179628797,U101077,2026-06-15
a_5200572427,U101575,2026-04-02
a_6190427533,U100707,2026-04-22
a_1088931319,U101678,2026-05-28
a_6794615662,U100844,2026-07-25
a_6569995981,U101720,2026-02-21
a_7327727639,U101100,2026-04-02
a_6635883004,U100260,2026-01-14
a_9030687210,U100660,2026-08-16
a_3843049753,U101655,2026-04-05
a_4546817434,,
a_6703923866,U101317,2026-07-14
a_9445984999,U101700,2026-02-22
a_5572409029,U100512,2026-06-29
a_7029179436,U100316,2026-04-17
a_2189334440,U101217,2026-06-17
a_1944550593,U100473,2026-01-24
a_3620603837,U101813,2026-03-28
a_2092671834,U101106,2026-03-26
a_7978620692,U101664,2026-05-24
a_6917756495,U100642,2026-02-03
a_2349769061,U101330,2026-04-05
a_9938003079,U101005,2026-02-25
a_1848162818,U100731,2026-04-24
a_2623225093,,
a_6039299693,,
a_2300178038,U101365,2026-07-19
a_7648514994,U100791,2026-02-19
a_2469121668,U101726,2026-07-28
a_1925822053,U101234,2026-05-30
a_7923846244,,
a_6019115479,U101653,2026-04-11
a_2252770224,U101521,2026-07-04
a_6564304586,U101912,2026-01-24
a_7273871148,U101024,2026-07-24
a_4681572469,,
a_4969498910,U101997,2026-07-13
a_4869047300,U101237,2026-05-13
a_2082176946,,
a_8767859281,U100696,2026-07-17
a_7435775780,U100470,2026-04-30
a_6168564973,U100806,2026-05-01
a_8636738420,,
a_1965748722,U100236,2026-08-03
a_6548938478,,
a_2808923668,U101271,2026-06-28
a_6527222952,U101630,2026-08-05
a_5674541758,,
a_6348826259,,
a_5771162150,,
a_1676304854,U101134,2026-05-12
a_2416254416,U101428,2026-01-21
a_5468949654,,
a_6737017575,U100123,2026-03-07
a_5193534106,U100370,2026-03-17
a_6910361819,U100605,2026-03-28
a_7567361907,U101995,2026-03-30
a_1336069547,U100455,2026-05-28
a_9370315299,U101431,2026-05-14
a_5879287066,U100189,2026-02-17
a_3058877282,U101251,2026-07-22
a_9236554923,U101088,2026-02-06
a_8534400626,U101809,2026-02-25
a_4319099140,U101439,2026-03-07
a_2566948646,U101027,2026-02-03
a_9702153685,U100937,2026-02-07
a_4073362145,U101141,2026-06-25
a_1758449721,U101556,2026-06-08
a_8491231158,U101725,2026-02-13
a_2771113916,U101207,2026-06-19
a_2987039444,,
a_7491111906,,
a_7646458193,U101025,2026-07-12
a_5210843085,U100920,2026-08-04
a_7849697912,U100964,2026-05-12
a_7024917152,,
a_5851566472,U100608,2026-05-24
a_1939210144,U100237,2026-06-19
a_9241543289,U100457,2026-01-30
a_8563695866,U100729,2026-07-31
a_6411703227,U101081,2026-02-04
a_5869877833,U101374,2026-05-16
a_9485871662,U100500,2026-06-21
a_7494346909,U101367,2026-03-13
a_8277447588,U100163,2026-02-04
a_1329094245,U100533,2026-07-18
a_5690251310,U101808,2026-07-09
a_5369882845,U101578,2026-08-23
a_6755218044,U100713,2026-07-14
a_2416582738,U101974,2026-02-20
a_4447391793,U101389,2026-03-22
a_4357244343,U100021,2026-04-06
a_9066002714,U101093,2026-05-08
a_2693931032,U100061,2026-03-05
a_3698809100,U100976,2026-02-15
a_8870234532,,
a_5234452609,U100382,2026-05-24
a_6531295209,U100566,2026-02-12
a_6118597507,U100169,2026-06-21
a_8335409368,,
a_2735539248,U101228,2026-04-29
a_9566109338,U101636,2026-05-06
a_2078318695,U100311,2026-06-14
a_9494238998,,
a_5262455558,U101741,2026-03-23
a_7572945871,U100492,2026-03-23
a_8550610324,U100044,2026-08-05
a_6738598411,,
a_6193184348,U101922,2026-01-24
a_2549256315,U100689,2026-06-17
a_2698820606,U101804,2026-06-21
a_8648907088,U101039,2026-06-25
a_4479515471,U100573,2026-07-04
a_1028533210,U100526,2026-01-27
a_9984208765,U100324,2026-07-01
a_7981633303,U100771,2026-01-06
a_9514413778,,
a_6901595104,U101893,2026-07-16
a_1117005403,U101566,2026-04-14
a_3796931861,U100836,2026-04-04
a_2510650045,U101680,2026-04-28
a_1005739105,U100480,2026-01-29
a_9214741146,U100802,2026-02-28
a_6989115613,U101245,2026-03-24
a_2508192030,U100026,2026-04-08
a_2214905632,U101627,2026-04-01
a_9644604962,U101421,2026-03-07
a_4433159651,U100570,2026-05-30
a_1015064551,U101065,2026-03-26
a_5193383562,U100394,2026-07-26
a_7670085011,U100456,2026-03-18
a_3234736963,U100975,2026-02-02
a_5640934773,U101980,2026-06-03
a_7473349157,U100557,2026-06-29
a_5855736785,U101821,2026-02-09
a_2716644651,U100725,2026-01-19
a_2949891584,U100262,2026-05-17
a_7937397112,U101623,2026-05-07
a_8747135098,U101931,2026-07-06
a_7197291855,U100368,2026-03-30
a_8271556900,U100857,2026-07-10
a_6106250317,,
a_4487896982,,
a_6961887524,U101398,2026-02-09
a_7767638020,U100576,2026-07-14
a_3094361668,U101312,2026-01-08
a_3255387721,,
a_7437587859,U101010,2026-03-09
a_9869366219,U100881,2026-01-09
a_6080027684,U101703,2026-05-03
a_2838982572,U101294,2026-04-15
a_1162728070,U101878,2026-07-23
a_5856988519,U101347,2026-06-21
a_5495595367,U101184,2026-03-22
a_6657150178,,
a_3908107033,U100962,2026-07-03
a_3709073397,U101338,2026-05-09
a_1128595309,U100825,2026-01-15
a_1342091000,U101300,2026-01-21
a_1738051640,U100378,2026-07-18
a_5471074424,U101256,2026-05-25
a_2157043665,U100685,2026-08-12
a_3498925166,U101511,2026-06-09
a_6489735126,U100538,2026-03-13
a_2948352003,U100899,2026-04-14
a_2427355715,,
a_6447665248,U101933,2026-05-10
a_2871044177,U101444,2026-04-21
a_3087474523,U101291,2026-06-29
a_5524523300,U100918,2026-02-01
a_6867899786,U101968,2026-03-12
a_3625629810,U100823,2026-06-12
a_4262215549,U100288,2026-07-09
a_1624245931,U100129,2026-04-22
a_7912914683,U101971,2026-05-30
a_8843731803,,
a_2892451894,U101008,2026-01-25
a_2725412773,U101301,2026-04-01
a_8834924145,U100482,2026-07-31
a_5631188262,U101784,2026-01-27
a_1063339691,U100750,2026-08-10
a_3676976206,U101638,2026-05-14
a_4786858937,U100748,2026-03-09
a_6944047387,U101891,2026-06-11
a_4088320096,U100647,2026-02-21
a_2401039531,U101322,2026-02-02
a_8904232933,,
a_4711890752,U100043,2026-07-09
a_8177417663,U101507,2026-02-18
a_9548310591,U100670,2026-02-02
a_2301122384,U100289,2026-06-02
a_6457565928,U101298,2026-05-08
a_8284192249,U100792,2026-04-30
a_1541417345,U100243,2026-05-13
a_3100769886,U100852,2026-02-16
a_9567257731,U101112,2026-02-23
a_8285766213,,
a_3451538244,U101454,2026-06-24
a_5720154404,U100400,2026-07-18
a_2089842102,U101835,2026-05-19
a_4259231104,U101879,2026-01-26
a_9193223242,U101477,2026-06-05
a_2461400641,U101147,2026-05-08
a_7843799360,U100351,2026-03-14
a_7784912104,U100872,2026-02-17
a_8605061484,U101496,2026-06-15
a_6908940604,,
a_2482334115,U101035,2026-03-13
a_9023778160,U101826,2026-07-09
a_6831658708,,
a_5208925014,,
a_9845342531,U101167,2026-07-21
a_5379947087,U100148,2026-05-24
a_5212042071,U101533,2026-07-03
a_1872457204,U101591,2026-08-07
a_5007171840,U100604,2026-01-04
a_6239236595,U100360,2026-04-23
a_2367481541,U101011,2026-04-11
a_3883615548,U101967,2026-08-26
a_7325491874,U101830,2026-06-27
a_5961565801,U101953,2026-08-11
a_2695437871,U101070,2026-04-29
a_7218021659,U101987,2026-01-21
a_9868754800,U101646,2026-08-07
a_5275119951,U101423,2026-04-17
a_9444640434,U100531,2026-06-30
a_7234257037,,
a_3689002149,,
a_9506901068,U100177,2026-03-03
a_4193984319,U100998,2026-08-11
a_4752594390,U101334,2026-03-21
a_3039240586,U101524,2026-06-10
a_9606334183,U100371,2026-02-09
a_8145604374,U100728,2026-03-02
a_3778203312,U100346,2026-07-24
a_9362925718,,
a_3574484051,U101459,2026-06-24
a_2631556007,U100354,2026-07-31
a_2583087421,U100331,2026-01-24
a_6278284226,,
a_4595149432,U100086,2026-01-03
a_4936714856,U100720,2026-04-07
a_5834537895,U100754,2026-02-23
a_7465243323,U101861,2026-05-27
a_6888683872,U101417,2026-03-30
a_6496580133,,
a_5101522013,U101946,2026-01-17
a_8988185218,,
a_8840582381,U100865,2026-02-15
a_8511417068,U100411,2026-03-28
a_9396786851,U100334,2026-06-28
a_7791687546,U100569,2026-04-03
a_6156439200,U101449,2026-07-22
a_8664318208,U101164,2026-05-22
a_6143962819,U101797,2026-05-16
a_9795770517,U101357,2026-05-14
a_7647184905,U100988,2026-07-17
a_3570454235,U101266,2026-03-17
a_8619301451,U100563,2026-07-08
a_6260506938,U100752,2026-06-10
a_4124756278,U101344,2026-06-03
a_5553418021,U101748,2026-06-16
a_9954087299,,
a_4240281591,U101652,2026-02-12
a_8094516733,U100461,2026-07-09
a_1439493603,U100556,2026-04-26
a_3069228053,U100202,2026-04-25
a_4822266962,U101197,2026-01-09
a_5851907187,U100424,2026-04-04
a_7549173401,U101767,2026-03-05
a_5535201986,U100192,2026-04-15
a_6304349096,U101476,2026-02-22
a_2157061906,,
a_9303901871,U100519,2026-07-07
a_4956472935,U101308,2026-06-21
a_9136833265,U100384,2026-03-10
a_6272145850,,
a_7683377075,U101501,2026-02-02
a_3395848722,,
a_3595171151,U101232,2026-03-21
a_6343804241,U100425,2026-02-08
a_4667928020,U100800,2026-07-07
a_2529299631,U101961,2026-04-05
a_1369852530,U101072,2026-04-29
a_3323046402,U100595,2026-06-01
a_4268039066,,
a_1070875729,U101991,2026-03-18
a_2652402683,U101305,2026-03-12
a_1654431212,U101194,2026-06-11
a_3657706359,U100339,2026-08-03
a_7917531807,U100497,2026-06-16
a_6245463604,,
a_8573784038,U100896,2026-07-13
a_5631535218,U101666,2026-03-28
a_8912928112,U100162,2026-03-06
a_5382331046,U101170,2026-03-04
a_9287924811,U101481,2026-04-03
a_7367179076,U100025,2026-04-17
a_4962508234,,
a_4542022758,U100869,2026-01-20
a_1131249463,U101485,2026-08-01
a_9305191672,,
a_1519149381,U101443,2026-02-21
a_7439685690,U100184,2026-07-11
a_5834124649,,
a_9712442724,U101557,2026-07-08
a_3114468585,U100225,2026-07-16
a_4712723176,U101377,2026-06-25
a_5184801551,U101109,2026-06-03
a_5954084116,U101517,2026-05-06
a_2907470051,U101001,2026-04-16
a_9447332313,U100913,2026-05-19
a_4966271473,U101503,2026-05-15
a_6922375905,U100388,2026-08-04
a_3149445142,U100386,2026-03-14
a_5071910543,U100181,2026-02-11
a_9375840488,U100901,2026-05-23
a_7804031508,U100996,2026-05-15
a_5214597744,U101043,2026-06-21
a_6799265993,,
a_5043796149,U100092,2026-08-09
a_3613919612,U100928,2026-02-13
a_7619962858,U101547,2026-05-28
a_3764461862,U100419,2026-01-29
a_8514689529,U101384,2026-02-18
a_1346429373,U100584,2026-08-16
a_1776541417,U101335,2026-07-21
a_9655187677,U100880,2026-01-30
a_2964475669,U100294,2026-08-15
a_1347189598,U101923,2026-07-23
a_3242565021,U102001,2026-03-02
a_2597453050,U100572,2026-05-24
a_3909660054,,
a_4864434113,U101448,2026-07-27
a_4429139868,U101892,2026-02-23
a_4348480600,U100277,2026-04-07
a_1306655123,U101151,2026-01-06
a_1129988264,U100550,2026-06-04
a_2343510009,U100662,2026-04-16
a_9169745123,U101187,2026-05-30
a_4799918914,U101158,2026-05-02
a_6109464947,U101616,2026-05-07
a_3312256405,U100291,2026-03-24
a_2858095233,U100856,2026-07-08
a_2690111726,U101871,2026-04-01
a_6528422371,U101009,2026-07-27
a_5256878920,U100867,2026-03-29
a_6281762047,U100711,2026-06-11
a_5859728185,U101634,2026-01-13
a_5207156239,U100826,2026-03-14
a_1261678934,U100031,2026-01-07
a_2474020246,U101456,2026-04-12
a_8757408213,U101610,2026-01-24
a_9659337392,,
a_9512299267,U100552,2026-02-21
a_9442000844,U100607,2026-07-13
a_8988831339,U101676,2026-01-26
a_5113310250,U100597,2026-02-03
a_4814400628,U101185,2026-03-09
a_6258087983,U101203,2026-01-28
a_5591305980,U101133,2026-07-29
a_4360738361,,
a_4798474628,,
a_3559372524,U100298,2026-06-23
a_3523291788,U101455,2026-01-22
a_9384969987,U101091,2026-02-11
a_5098094864,U101366,2026-07-10
a_6440722874,U100829,2026-01-26
a_5479965109,U100113,2026-06-29
a_7924451781,U100974,2026-03-21
a_4509895206,U100782,2026-07-13
a_3899406871,U101609,2026-08-08
a_4264057252,U100144,2026-02-10
a_2620830245,,
a_7196226134,U101349,2026-07-21
a_9118727769,U100296,2026-03-01
a_1188551725,U101793,2026-06-26
a_1691955849,U101425,2026-05-23
a_9412943394,U100923,2026-07-10
a_3391578683,U101139,2026-07-17
a_5947707344,U100949,2026-06-06
a_7995988201,U101094,2026-02-01
a_4020524686,U102003,2026-02-14
a_5658440821,U101321,2026-05-12
a_5778459674,U100549,2026-06-30
a_2233829751,U100854,2026-05-15
a_9928595352,U100116,2026-03-29
a_2866985391,,
a_6284120555,U100295,2026-03-22
a_4748789247,U100983,2026-02-06
a_7805248405,U100783,2026-01-22
a_3092730746,U101564,2026-02-26
a_6464257166,U100327,2026-04-27
a_5447465157,U101831,2026-06-02
a_4297381872,U101213,2026-07-25
a_5503608922,,
a_4909346536,U100027,2026-05-19
a_1826859568,U101637,2026-05-01
a_1297221251,U101420,2026-07-05
a_8223086179,U101462,2026-01-12
a_8679004688,,
a_1212289709,,
a_6632222215,U100155,2026-05-02
a_5268867565,U100973,2026-05-05
a_5306058939,U100405,2026-02-22
a_1500240168,U101736,2026-03-05
a_4420844129,U101144,2026-03-21
a_1584453161,U100057,2026-07-17
a_7429407009,U101796,2026-06-12
a_1094955364,U100121,2026-03-19
a_7451822092,U100611,2026-07-13
a_7054097548,U101536,2026-02-06
a_9493184101,U100932,2026-06-02
a_7533820065,U101161,2026-03-20
a_1635206030,,
a_6613292826,U101913,2026-05-26
a_8571307971,U102000,2026-07-25
a_7675729432,U101278,2026-08-05
a_5589234539,U100822,2026-04-08
a_3511821978,U100616,2026-03-11
a_1450752224,U100222,2026-07-08
a_5626947208,U101730,2026-07-17
a_1335455377,,
a_1323285437,U101179,2026-07-21
a_2594574324,U101429,2026-04-18
a_1796163577,U101247,2026-02-21
a_8224261312,,
a_9271053460,U100772,2026-05-28
a_6916493193,U100626,2026-07-24
a_8125563836,U100780,2026-04-11
a_6720888639,U101979,2026-05-27
a_8184165869,U101743,2026-05-23
a_2054652677,U101279,2026-05-26
a_9934235191,U101288,2026-04-14
a_2112718571,U101277,2026-04-27
a_8422501251,U101915,2026-03-18
a_7087697933,U100016,2026-05-24
a_3786563497,U101855,2026-05-18
a_7980523912,U101159,2026-03-09
a_9142953943,U101355,2026-06-15
a_1059671054,U101530,2026-08-19
a_5871405480,U100631,2026-02-05
a_2890767811,U100422,2026-03-22
a_6595661022,U101084,2026-03-20
a_7536377195,U101843,2026-03-13
a_2771050218,U101168,2026-04-30
a_7700199000,U101551,2026-06-02
a_7839617004,U101567,2026-07-24
a_7476454974,U100315,2026-03-17
a_1896272913,U100560,2026-05-13
a_9955380532,U100985,2026-07-25
a_8049720754,U101263,2026-07-22
a_2327061888,U100365,2026-05-01
a_5919630695,U100877,2026-03-20
a_1304557908,U100376,2026-05-05
a_2864926693,U101593,2026-05-30
a_6377822491,U101466,2026-07-19
a_5308152427,U100663,2026-08-06
a_7094199895,U100377,2026-05-18
a_2825692212,U100372,2026-05-04
a_2848951121,U101917,2026-07-17
a_8063079907,U101635,2026-06-19
a_6031641318,U101753,2026-07-12
a_2321930930,U101111,2026-08-05
a_2058061778,U100677,2026-07-26
a_5403621070,U101560,2026-03-17
a_8094216209,U101951,2026-04-19
a_8272489860,U101409,2026-03-18
a_4371733654,U100714,2026-02-05
a_8469084308,U100079,2026-05-13
a_8591676082,U101138,2026-04-23
a_5797658647,U100864,2026-07-23
a_3211597469,U101794,2026-05-12
a_2547985258,U101280,2026-07-15
a_1319016047,U101790,2026-07-30
a_7459147532,U100426,2026-04-05
a_3330799848,U100013,2026-06-27
a_7879114850,U101385,2026-01-05
a_5247501791,U101515,2026-04-01
a_4565200200,U100449,2026-05-02
a_2569045687,U100375,2026-06-17
a_3656835006,,
a_1641082875,U100124,2026-05-12
a_2928509929,U100989,2026-08-03
a_2766208973,U101902,2026-02-04
a_3227250537,U101333,2026-05-25
a_5734573405,U100615,2026-07-27
a_2890696192,,
a_1782865890,U101154,2026-02-21
a_8394093952,U100081,2026-02-07
a_3566270590,,
a_1430140893,U100212,2026-05-27
a_7576355312,U100071,2026-03-07
a_3244972193,U101171,2026-05-20
a_7888244891,U100020,2026-04-26
a_8472933693,U101998,2026-06-16
a_7122189649,U100191,2026-05-26
a_6382018586,U101972,2026-04-18
a_3658398975,U101798,2026-07-25
a_2255304902,U100744,2026-05-23
a_6574188287,,
a_1995225397,,
a_6603968602,U100409,2026-05-12
a_6883805561,U101356,2026-03-19
a_1565587835,,
a_7666967344,U100972,2026-05-03
a_8145629356,U101942,2026-08-10
a_2119274589,U101520,2026-01-13
a_1159591459,U100096,2026-05-28
a_7239124515,U100675,2026-04-13
a_6021539903,U101867,2026-06-17
a_1073838446,,
a_2125533682,U101929,2026-06-15
a_4403572270,U101190,2026-02-18
a_6775760438,U101896,2026-03-11
a_5973784764,U100170,2026-06-04
a_2888196120,U101437,2026-02-09
a_4511420351,,
a_3807452488,U101617,2026-05-05
a_3367173583,U100097,2026-03-05
a_2418666049,U101641,2026-01-24
a_2554011935,U101659,2026-01-31
a_1688746511,,
a_6866448577,,
a_3107497303,U101901,2026-04-20
a_9951646296,U100267,2026-08-18
a_4578587795,U100102,2026-07-04
a_3582353164,,
a_1227177974,U100790,2026-06-08
a_6581024070,U100665,2026-01-24
a_3246884336,U101857,2026-01-14
a_4638116762,U101964,2026-03-13
a_4038721847,U101220,2026-07-16
a_4736921469,U101518,2026-03-06
a_4313604045,,
a_5216390102,U100633,2026-06-03
a_8846707400,U100773,2026-08-15
a_6643303842,U101215,2026-05-23
a_6608145171,U101811,2026-05-09
a_3683659817,U101097,2026-02-04
a_3107167372,U100980,2026-04-06
a_8622455322,U100235,2026-08-24
a_3886820327,U101924,2026-03-28
a_9574707423,U100763,2026-07-04
a_1797212527,U101145,2026-06-28
a_2332741683,U101509,2026-06-10
a_9575224923,U101002,2026-04-07
a_5145613847,U101671,2026-05-08
a_9093370287,U100154,2026-05-18
a_8199539639,U101152,2026-02-01
a_7607346053,U100724,2026-08-06
a_3895456537,U101673,2026-05-12
a_5420244281,U101756,2026-07-09
a_6627384893,U100176,2026-06-13
a_9095981861,U101769,2026-02-13
a_4489667277,U101174,2026-03-15
a_3384040755,U101883,2026-03-03
a_7745567974,U100654,2026-04-29
a_9280175129,U101022,2026-04-08
a_7788135842,,
a_8764189207,U100614,2026-05-22
a_6245431389,,
a_8504702599,U100674,2026-05-19
a_3989657503,,
a_5491498620,U100451,2026-04-23
a_4899618062,U101328,2026-04-07
a_2167388356,U101021,2026-06-18
a_5768317668,,
a_3834759719,,
a_7629074432,U101460,2026-03-10
a_6192123847,U101838,2026-06-01
a_7498496323,U100532,2026-02-26
a_1832758080,U101607,2026-08-19
a_1262209170,U100190,2026-04-26
a_6307420131,U101642,2026-06-07
a_3636260018,U101074,2026-03-12
a_8169418321,U100437,2026-03-24
a_7276570560,U100562,2026-06-24
a_8670003614,U100658,2026-05-11
a_9751653056,U101938,2026-04-17
a_3473154385,U100403,2026-06-10
a_2964401283,U101457,2026-02-13
a_6921930294,U100028,2026-05-13
a_7239231451,U101640,2026-04-01
a_7084793688,U100396,2026-02-22
a_2788947836,U100755,2026-06-21
a_3708875304,U101996,2026-03-13
a_7306798912,U101131,2026-04-09
a_5165762348,U100300,2026-02-16
a_8325401713,U100591,2026-02-16
a_6789338348,U101320,2026-04-10
a_6773329294,U100775,2026-05-03
a_2149761578,U101201,2026-01-26
a_5965518233,U102004,2026-03-13
a_8508355461,,
a_8397616258,U101498,2026-02-01
a_4080938374,U100049,2026-01-21
a_4797686011,,
a_2611120484,U101364,2026-02-13
a_4513114545,U101244,2026-07-01
a_7241981345,U100814,2026-02-26
a_9291014385,,
a_5780656466,U100891,2026-01-20
a_1570524417,,
a_1761338748,U100759,2026-03-20
a_2927367471,U100282,2026-06-14
a_9511160872,U101223,2026-01-28
a_9163444005,U100568,2026-04-24
a_7432105065,U101340,2026-05-14
a_9413998613,,
a_8135914608,,
a_6070292039,U101588,2026-03-22
a_1381059834,U101435,2026-08-13
a_2386345679,U100669,2026-05-15
a_1202260745,U100179,2026-06-13
a_8065435670,U100548,2026-06-03
a_4048953003,U100072,2026-05-02
a_2327965038,U100590,2026-02-14
a_1339916712,U100187,2026-03-12
a_7316954118,,
a_2509930182,U100742,2026-06-21
a_9487329041,U100807,2026-04-18
a_2185535889,U101624,2026-01-17
a_7173670461,U100793,2026-05-30
a_7868827679,U101781,2026-07-09
a_3148924086,U100910,2026-01-24
a_5005877955,U101402,2026-05-16
a_8547339388,U100547,2026-06-11
a_7288479270,,
a_7266439676,U101572,2026-01-26
a_2587713892,U101792,2026-01-25
a_7757707589,U101143,2026-01-10
a_9074749443,U100907,2026-03-04
a_4314599050,U100361,2026-03-18
a_6224402417,U101085,2026-05-20
a_4993828314,U100765,2026-04-24
a_7605517606,,
a_1984659747,U100833,2026-07-22
a_9783976687,U100602,2026-03-24
a_1637128659,U100789,2026-08-05
a_3351486761,,
a_6724905379,U101531,2026-07-30
a_8108167489,,
a_6955702119,U100328,2026-03-13
a_4579579379,U101569,2026-01-06
a_6683794789,U101716,2026-03-22
a_8179352608,U101732,2026-01-16
a_6277691696,U101988,2026-03-18
a_2081147769,U100101,2026-04-29
a_4647987649,U101512,2026-07-02
a_2066786222,U100982,2026-05-08
a_1975796263,U100453,2026-03-14
a_2994768057,U100014,2026-06-24
a_2057319238,U101286,2026-02-15
a_4125305155,U101057,2026-02-15
a_2821228232,U101306,2026-04-28
a_4516462193,U101675,2026-04-29
a_8890294931,U101411,2026-05-05
a_2197112619,U100523,2026-03-07
a_3642105371,U101226,2026-01-29
a_5402717985,,
a_5632420053,U100143,2026-05-18
a_3349507267,U100909,2026-05-20
a_9129404222,U100762,2026-04-17
a_4556107901,U100318,2026-04-22
a_5592232318,,
a_3828021220,U100302,2026-07-08
a_9995897907,,
a_2624557560,U101376,2026-05-13
a_3334568322,U100055,2026-08-07
a_6932358322,U100968,2026-07-24
a_6340988600,U101519,2026-01-27
a_1709001306,U101264,2026-05-31
a_2168254366,,
a_8273456482,U100263,2026-06-01
a_2454138346,U101281,2026-06-21
a_5962712754,,
a_7338120112,U101379,2026-06-10
a_7570714128,U100023,2026-01-18
a_1147052614,U100656,2026-06-24
a_9353279154,U100627,2026-06-09
a_4575375115,U100871,2026-01-29
a_5004810147,,
a_2206432471,U101225,2026-03-31
a_9774740724,U100274,2026-03-24
a_4930574770,U101282,2026-06-04
a_3506597350,U101354,2026-02-19
a_1898477314,U101438,2026-08-11
a_4585650329,U101548,2026-03-03
a_5931761864,U101620,2026-06-08
a_7952465725,U100357,2026-02-09
a_9838072194,U100745,2026-03-03
a_5725752757,U100306,2026-07-26
a_4369712348,U100483,2026-07-26
a_7414045589,U101261,2026-02-16
a_3445724255,U101274,2026-06-27
a_3953800443,U100699,2026-03-25
a_4586569321,U100847,2026-03-07
a_4001737794,U100111,2026-06-04
a_8661653054,U101554,2026-01-14
a_4804560072,U100198,2026-05-21
a_9537466860,U101698,2026-07-25
a_4049304807,U100559,2026-02-03
a_7736449500,U101595,2026-03-11
a_3491516682,U101073,2026-01-20
a_2997138391,U101370,2026-03-02
a_8142487333,U100390,2026-05-16
a_6810335665,U101542,2026-08-22
a_6911033382,U101341,2026-05-26
a_1283045178,U101218,2026-02-19
a_9519578534,U100645,2026-07-27
a_6394600949,U101254,2026-03-05
a_2686312185,U100337,2026-07-22
a_1489624456,U100768,2026-08-05
a_2290573558,U101177,2026-06-06
a_5486212100,U100954,2026-07-11
a_8569282175,U101645,2026-04-20
a_6061326472,U100084,2026-02-15
a_4945668675,U100131,2026-07-18
a_3121939936,U100903,2026-04-10
a_6913079479,U101543,2026-04-26
a_2775654844,U100341,2026-04-21
a_6383725557,U100888,2026-05-21
a_8471481643,,
a_4557621016,U101289,2026-05-31
a_9542916589,U101183,2026-04-12
a_9727585676,U101911,2026-02-28
a_1663255059,U101483,2026-04-17
a_2539006321,U101619,2026-07-22
a_3020456676,U100078,2026-03-06
a_3917539865,U101750,2026-06-22
a_4250518231,U100004,2026-03-14
a_5508661384,U100062,2026-06-06
a_2933247980,U101235,2026-01-27
a_9226742964,,
a_1217699090,U100219,2026-04-06
a_2673607962,,
a_4607647538,U100837,2026-05-25
a_5568445062,U100307,2026-07-10
a_7362426302,,
a_5265556289,U100870,2026-05-27
a_8113523749,U100301,2026-02-06
a_2352680911,U101071,2026-06-13
a_8587411655,,
a_3930963898,U100797,2026-03-11
a_3837227633,,
a_2859174669,,
a_3996660706,U101733,2026-04-08
a_9377426513,U101930,2026-07-28
a_8243572026,U101095,2026-01-22
a_7278468248,U101801,2026-07-29
a_8766745011,U100692,2026-05-06
a_7313562181,,
a_6155970364,,
a_3998959989,U101433,2026-07-23
a_5438497502,U101918,2026-04-26
a_9723639586,U100582,2026-03-23
a_7675544438,,
a_8748799493,,
a_2498275058,,
a_6328368324,,
a_6184026404,U100733,2026-05-28
a_6032370598,U100951,2026-07-18
a_6835745513,U101822,2026-04-24
a_5749863036,U100916,2026-03-21
a_8572395508,U101405,2026-07-06
a_1994543531,,
a_1876996121,U101872,2026-06-12
a_7574586365,U100904,2026-06-12
a_8108088696,,
a_6109603892,,
a_5728643165,U100387,2026-06-27
a_7608515832,U100817,2026-01-22
a_1512510553,U100774,2026-06-21
a_8875068625,U100816,2026-01-30
a_9024551518,U100421,2026-08-04
a_9034060917,,
a_9166935933,U101087,2026-06-03
a_9532112878,U100958,2026-04-17
a_6675025958,U100667,2026-02-15
a_2142736421,U100919,2026-01-25
a_2757462083,U101058,2026-07-01
a_9100679014,U101120,2026-06-13
a_9703498025,U101388,2026-05-07
a_5277096098,,
a_9582281268,U100108,2026-02-05
a_2527945752,,
a_2074695533,,
a_4061825173,U101849,2026-02-23
a_1990193331,U100037,2026-06-20
a_3923894547,U101324,2026-05-14
a_2301018301,U101122,2026-04-06
a_6701596147,U101181,2026-06-15
a_6871602885,U101098,2026-01-30
a_4346525895,U100878,2026-04-09
a_6282073286,U101718,2026-04-01
a_4054320956,U100011,2026-05-01
a_4658965210,U101958,2026-07-21
a_7768913559,U101734,2026-07-14
a_6536680414,U100330,2026-07-29
a_6679667909,U101973,2026-06-09
a_4823745130,U100914,2026-01-12
a_3339851277,U100703,2026-07-26
a_7681815697,U100305,2026-03-03
a_1296024613,U101250,2026-07-17
a_7684848560,U101976,2026-03-14
a_3627126190,U101599,2026-06-05
a_1246611253,U101192,2026-08-05
a_5218202293,U101791,2026-08-24
a_4860787950,U100809,2026-03-05
a_7473237956,U100653,2026-04-20
a_5745132008,U101257,2026-04-17
a_2083389702,U101038,2026-01-31
a_7025229923,U101212,2026-06-13
a_8178413926,U100652,2026-02-07
a_6682689698,U100436,2026-08-12
a_5172682982,U101719,2026-03-03
a_8760534440,U101497,2026-06-23
a_4516835412,U100884,2026-02-24
a_3162585120,U101302,2026-08-10
a_5483478502,U100416,2026-04-14
a_4398892146,,
a_1042699594,U101032,2026-03-17
a_1183705324,U100778,2026-03-10
a_5085355984,U101562,2026-05-19
a_5008532581,U100407,2026-02-27
a_5585698419,U100587,2026-03-13
a_5492420121,,
a_2154842237,U100796,2026-07-22
a_4096520089,U101590,2026-02-19
a_2323807086,U101016,2026-06-05
a_4121432219,U101216,2026-06-30
a_2822402252,U100149,2026-06-20
a_6372335284,U101414,2026-08-09
a_3433848221,U101649,2026-05-15
a_2292515397,,
a_5674849686,U101295,2026-05-06
a_1895370724,U100887,2026-07-04
a_4994274520,U101687,2026-08-07
a_2215494607,U100240,2026-02-09
a_6765381143,,
a_8914214462,U100045,2026-07-30
a_1738721080,U101434,2026-05-06
a_9797804897,U101368,2026-06-09
a_7480004059,U100137,2026-03-30
a_2917678901,U101290,2026-05-02
a_5198685327,U101059,2026-03-18
a_9227104494,U101189,2026-01-07
a_1444814459,U101950,2026-05-17
a_9561550452,U101682,2026-06-16
a_5564640558,U101672,2026-02-05
a_9604560162,U101966,2026-05-03
a_7450311787,U100381,2026-06-08
a_1550251172,U100205,2026-04-23
a_2329395551,,
a_9304774609,U101735,2026-08-03
a_1900746191,U100638,2026-02-08
a_3967285128,U100448,2026-02-19
a_2895966341,U100510,2026-08-06
a_5170631353,U100423,2026-06-03
a_9445464524,U100006,2026-05-27
a_6786953883,U101121,2026-05-22
a_6804410911,U100158,2026-05-05
a_2810036199,U101210,2026-04-28
a_1564377331,U100032,2026-02-13
a_2551465215,U101386,2026-08-16
a_1558056909,U100156,2026-05-17
a_2545905836,,
a_6219694454,U100490,2026-07-27
a_8759823783,U101004,2026-04-11
a_9018961327,U101195,2026-07-22
a_8845987955,,
a_6489517347,U100593,2026-03-02
a_8383130889,U101990,2026-06-13
a_2763956093,U101965,2026-05-21
a_8525345499,,
a_2501925318,U100622,2026-01-29
a_9271438596,U100994,2026-04-04
a_1600535396,,
a_5863777979,U100406,2026-05-28
a_6765262249,U100939,2026-04-10
a_8963030477,U100545,2026-03-07
a_1952372116,U101795,2026-03-26
a_6761934541,U101563,2026-03-20
a_4380107737,U101407,2026-02-06
a_2422985274,U101580,2026-07-21
a_5552310889,U100681,2026-05-25
a_2880253318,U100895,2026-07-17
a_1729099527,,
a_7250614238,U100122,2026-05-06
a_2676886158,,
a_4121532102,,
a_7316680710,U101622,2026-02-26
a_7855138968,,
a_7936507225,U100600,2026-06-01
a_3009998971,U100463,2026-02-11
a_3735908131,U101573,2026-06-15
a_9270000708,U101631,2026-06-05
a_9756261499,U101625,2026-02-23
a_7966185003,U101955,2026-02-12
a_8567228644,U101768,2026-04-11
a_4748428824,U101258,2026-03-18
a_3858958308,U100586,2026-04-27
a_4414504536,U101273,2026-07-31
a_7900035030,U100946,2026-02-17
a_5630924571,U101565,2026-02-02
a_4865973205,U101674,2026-05-15
a_5440574117,U101545,2026-03-14
a_1734969145,U100522,2026-08-19
a_2308571429,U100197,2026-03-04
a_7113838764,U101230,2026-03-02
a_7926072462,U100150,2026-04-09
a_3201978103,,
a_3212549897,U100690,2026-04-17
a_2214571175,U100180,2026-04-25
a_6474736706,,
a_7472294974,U100992,2026-04-01
a_3564404577,U101451,2026-02-20
a_6988267358,U100832,2026-02-23
a_9629809065,,
a_9602619953,U101469,2026-05-17
a_6888116167,,
a_1495870680,U100257,2026-05-27
a_6065085056,U101419,2026-07-22
a_2665738141,U101045,2026-03-20
a_6696307333,U101576,2026-06-20
a_7945924082,U101708,2026-05-23
a_9771760763,U101487,2026-03-25
a_7811827288,,
a_2287101783,U101890,2026-04-06
a_1188484687,U100118,2026-05-18
a_3274139560,U100178,2026-03-27
a_4444953227,U100686,2026-07-28
a_1256109882,U100297,2026-02-03
a_1514501360,,
a_3073074427,U100761,2026-05-31
a_4450981947,U101869,2026-04-10
a_4731506586,U100109,2026-01-20
a_6811767327,U101852,2026-05-26
a_3468726141,U100542,2026-04-26
a_7287329453,,
a_3807070539,U100935,2026-05-05
a_4976324218,U100649,2026-07-07
a_6215189654,U100712,2026-07-11
a_2138669557,U101774,2026-01-30
a_9950953398,U101044,2026-07-20
a_6495319762,U101242,2026-04-15
a_4967599636,U101034,2026-02-25
a_6963607672,U100732,2026-02-11
a_4684941306,U100917,2026-04-20
a_2939192743,U101125,2026-02-06
a_1625115469,U101598,2026-04-11
a_8533831823,U100139,2026-06-03
a_5815776163,U100223,2026-01-26
a_9661102311,,
a_7513991616,U100882,2026-03-31
a_7752000638,U101581,2026-07-27
a_8040292153,U101229,2026-06-12
a_9250194598,U100643,2026-06-16
a_3756257907,U101332,2026-05-22
a_1813577193,U100588,2026-06-10
a_8770428345,U101983,2026-03-15
a_2292762529,U101309,2026-04-16
a_4510864576,U100708,2026-05-17
a_1476002177,U101148,2026-04-04
a_8056457501,,
a_1546640477,U100723,2026-08-04
a_7133670390,,
a_6925242664,U101494,2026-06-30
a_2713532612,U101859,2026-05-24
a_9022385973,U101532,2026-01-24
a_1156123814,U100395,2026-02-13
a_9966874728,,
a_5776392189,,
a_4982209244,U101079,2026-05-25
a_6842862077,U101314,2026-07-28
a_6822749735,,
a_2909404488,U101853,2026-06-28
a_3342610814,U100165,2026-01-28
a_8160084174,U101740,2026-02-14
a_1731809612,,
a_8576432131,U100682,2026-05-07
a_4405062087,,
a_4389292187,U101884,2026-05-20
a_7979253999,U100475,2026-05-04
a_6501343553,,
a_8886997341,U101222,2026-05-02
a_4350557938,U100554,2026-04-26
a_4916051326,U101587,2026-06-26
a_8728208342,U101337,2026-07-02
a_3032456299,U100218,2026-04-30
a_5885871385,U100211,2026-07-27
a_5364113531,U100634,2026-07-19
a_6596409423,U100054,2026-04-19
a_7810517168,U101078,2026-01-04
a_1055264904,U101538,2026-07-22
a_2797202503,U100648,2026-05-22
a_4207021292,U101963,2026-03-31
a_6329418466,U101499,2026-05-28
a_9907722654,U101865,2026-08-07
a_2870694408,U101346,2026-05-21
a_8439266578,U101353,2026-06-22
a_4785408370,U100718,2026-06-30
a_2174903880,U101662,2026-07-12
a_8724374257,,
a_2617412673,U100147,2026-06-23
a_3874185174,U100953,2026-08-15
a_2669581710,U100254,2026-05-18
a_9362778656,U100106,2026-03-03
a_8959399815,U100565,2026-03-20
a_8093191255,U100392,2026-01-25
a_6137989462,U101561,2026-06-23
a_2588319375,U101948,2026-05-24
a_9011421084,U100230,2026-05-07
a_2887006605,,
a_9525314439,U101920,2026-08-02
a_7494564667,U101019,2026-03-22
a_5806316656,U100167,2026-04-16
a_4247901317,U100956,2026-07-26
a_6028609436,U100052,2026-07-10
a_8073999979,U100598,2026-04-02
a_5320598120,U100808,2026-07-18
a_5018345700,U101773,2026-01-01
a_3372175405,,
a_6440703037,U101325,2026-07-23
a_4285573853,U100399,2026-04-21
a_6744563250,U101540,2026-05-22
a_6043721122,U100651,2026-03-18
a_1881787772,U101186,2026-04-22
a_2639926499,U100858,2026-05-27
a_8844639554,U100468,2026-02-02
a_6384069808,,
a_5382946748,U101755,2026-05-22
a_3935577858,U100347,2026-02-10
a_8293614887,U100280,2026-08-02
a_8977407133,U100990,2026-05-08
a_2840398746,U101618,2026-04-08
a_6359036126,U100715,2026-04-21
a_3580133953,U100009,2026-03-29
a_5632216790,U100740,2026-04-01
a_5394036680,,
a_9093291239,,
a_3800832008,U100285,2026-04-19
a_5482203957,U100541,2026-02-05
a_5656295548,U100741,2026-07-20
a_1152011098,U100444,2026-03-01
a_4273775827,U101839,2026-02-23
a_4504122337,,
a_5775473365,U100103,2026-05-27
a_6265859997,U101799,2026-08-02
a_1804149295,U100099,2026-04-12
a_1265174133,U100781,2026-03-20
a_8931167951,,
a_4604661563,U100855,2026-04-30
a_6543814182,U101574,2026-03-07
a_6456689002,U100495,2026-02-10
a_2793214428,U100432,2026-03-29
a_6595278727,U100142,2026-06-01
a_8019667189,U100827,2026-07-16
a_7896313575,U100166,2026-07-24
a_3000889849,U100161,2026-06-03
a_7453466611,U101160,2026-04-03
a_2562474478,U101040,2026-07-11
a_5366377765,U101137,2026-02-10
a_6999072477,U100007,2026-02-19
a_3092924926,U101219,2026-07-19
a_5060988157,U101592,2026-03-20
a_5865734360,U100173,2026-03-01
a_6339400065,U100446,2026-04-18
a_1452994356,U101943,2026-05-10
a_7608842250,U101776,2026-05-30
a_9902089387,U100866,2026-07-24
a_3840223682,U100579,2026-02-14
a_3578759775,U101889,2026-06-05
a_8421501753,U100204,2026-05-18
a_9449415153,U100902,2026-06-21
a_5103565078,U100580,2026-02-03
a_9580559817,U101840,2026-02-06
a_2847310497,,
a_2563321564,U101747,2026-08-06
a_3764454123,U100485,2026-05-20
a_4224249181,,
a_6270416600,U100644,2026-04-28
a_3515742377,U101903,2026-03-20
a_9421216315,U101851,2026-03-23
a_1243857595,U100859,2026-02-14
a_1647834339,,
a_1025523734,U101486,2026-04-13
a_5284692666,U100003,2026-06-25
a_1027090569,,
a_6136754470,U101715,2026-03-25
a_6662957107,U100358,2026-06-12
a_2319724849,U100428,2026-01-22
a_9071524503,U100276,2026-06-09
a_1133849688,U100266,2026-05-07
a_2080253431,U101490,2026-02-25
a_1401383692,U100749,2026-01-29
a_1521073801,U101253,2026-02-25
a_4533552397,U101742,2026-04-25
a_2313342286,U100030,2026-05-20
a_7331996028,U100445,2026-02-28
a_3880304340,U100760,2026-04-20
a_8875198778,,
a_9725356721,U101549,2026-05-18
a_6360299372,U101701,2026-08-16
a_7353873754,U101140,2026-02-06
a_8225832157,U101246,2026-07-05
a_9739144703,,
a_3746100862,U100617,2026-06-05
a_7628192416,U101989,2026-05-06
a_4322613863,,
a_1226753432,U101658,2026-02-15
a_4277488200,U100342,2026-03-17
a_5694156639,U101810,2026-02-14
a_9398260616,U101765,2026-01-31
a_6780728356,U101761,2026-06-13
a_3143612206,U100944,2026-01-28
a_7387049030,U101982,2026-05-01
a_8289479169,U100391,2026-06-24
a_3048992621,U100228,2026-07-27
a_2495757520,U101731,2026-05-05
a_2088219270,,
a_8177033856,U100479,2026-01-25
a_9782564668,U100799,2026-05-21
a_1369539573,U100034,2026-01-31
a_9854759885,U101268,2026-02-10
a_2743557079,U100008,2026-07-25
a_4171343838,U100231,2026-06-05
a_6535117997,,
a_7411128099,U100440,2026-05-24
a_6929794356,U100525,2026-03-21
a_8781470586,U100624,2026-04-20
a_2141889354,U101904,2026-01-25
a_5532001351,U101372,2026-08-16
a_8300577724,U100094,2026-02-07
a_7010777932,U100543,2026-04-20
a_7057111315,U101650,2026-08-01
a_3815241046,U100970,2026-07-29
a_3084067866,U101669,2026-03-15
a_9105074072,U100209,2026-04-27
a_5307283238,U101199,2026-06-22
a_1524933847,,
a_6858512922,U100281,2026-04-04
a_3577338725,U101130,2026-07-09
a_6410137996,U100389,2026-07-30
a_4125827282,U100948,2026-08-23
a_6507022991,U100251,2026-02-12
a_7464577384,,
a_2973581683,U101157,2026-01-26
a_8532067942,U100890,2026-07-15
a_2381555559,U101413,2026-05-26
a_9727527960,U101771,2026-05-18
a_9855350551,,
a_2756501075,U101351,2026-05-04
a_8451877655,U101036,2026-06-12
a_4409089638,U101940,2026-04-04
a_2095109422,,
a_6988342181,,
a_2844688501,U100876,2026-05-15
a_3145976696,U101692,2026-08-10
a_8719517149,U101764,2026-05-26
a_6472823338,U101013,2026-06-12
a_1483443139,U101993,2026-03-20
a_1118146787,U100753,2026-07-19
a_7621717886,U101262,2026-05-16
a_9596206815,U100213,2026-03-21
a_8445460084,U101240,2026-01-30
a_7966758302,U100957,2026-05-24
a_9326037239,U101944,2026-05-16
a_5751364325,U101446,2026-03-17
a_5646191431,U100567,2026-03-28
a_5992708267,U101445,2026-07-23
a_5260462184,,
a_4802359568,U101577,2026-01-14
a_5786231013,U100085,2026-02-21
a_3511136153,U101744,2026-05-03
a_6193130908,,
a_9749489929,,
a_2147495441,U100879,2026-05-27
a_2419514698,,
a_9237187270,,
a_1254755637,U100412,2026-05-23
a_1326087772,U100196,2026-02-12
a_6463629111,U101834,2026-07-10
a_5485587713,U100284,2026-07-17
a_3511233980,,
a_7046926709,U101568,2026-02-22
a_5436737386,U101169,2026-02-19
a_6055526262,U100666,2026-03-26
a_3042831382,U100684,2026-06-03
a_1540701802,U100380,2026-04-05
a_3023009022,U101523,2026-06-07
a_7376118730,U101012,2026-06-18
a_4396322994,U101752,2026-06-10
a_5023554188,U100290,2026-01-26
a_4086514636,,
a_3027172984,U100359,2026-05-28
a_4128106506,U101430,2026-02-20
a_5699091424,U100364,2026-06-18
a_4619305421,U100524,2026-04-25
a_5836278263,U100574,2026-03-27
a_6277046271,U101495,2026-01-06
a_3603906742,U100693,2026-07-15
a_6973362612,U100704,2026-03-31
a_3683331652,U100112,2026-03-11
a_8589778265,U101126,2026-01-13
a_8781130863,U100414,2026-05-04
a_5883361213,U100589,2026-01-21
a_8929250630,,
a_8099637205,,
a_9361702987,,
a_4242445384,U101076,2026-01-31
a_9544292480,U101052,2026-07-09
a_9085278932,U101089,2026-03-11
a_5058340383,,
a_6018176494,U101757,2026-08-07
a_5230030012,U101345,2026-02-01
a_1157127766,U100843,2026-07-31
a_4889452930,U100966,2026-02-01
a_6592992900,U100594,2026-04-24
a_8410618403,U100927,2026-03-24
a_6244552077,U100308,2026-06-22
a_6118712513,U101410,2026-02-28
a_1833184297,U101378,2026-01-09
a_6414710864,U100058,2026-05-11
a_7107079581,U100159,2026-06-07
a_9948500974,U101836,2026-05-24
a_7873418873,U100186,2026-02-02
a_4891903518,U100244,2026-08-23
a_5717776132,U101391,2026-03-02
a_3230042185,,
a_5261046118,U100157,2026-03-03
a_7521862400,,
a_1791591863,,
a_6948187018,U101083,2026-04-11
a_9927145817,U100804,2026-03-15
a_4265009141,U101236,2026-07-13
a_4424246591,U100777,2026-01-10
a_7475751537,U101127,2026-02-08
a_7653651649,U101657,2026-05-21
a_7449927061,U101874,2026-05-31
a_2309103741,U100845,2026-05-13
a_6290640379,U101994,2026-02-16
a_6722392883,U101544,2026-07-25
a_5889518614,U101925,2026-05-19
a_4350688453,U101252,2026-03-01
a_1001969046,U100273,2026-07-18
a_3473425501,U100875,2026-07-14
a_2495713072,U100182,2026-05-23
a_9639481300,U101679,2026-01-17
a_3794585640,U101075,2026-05-10
a_2471288588,U101221,2026-03-08
a_3516074164,U100462,2026-01-29
a_7601315095,U101475,2026-05-27
a_1193659897,U100089,2026-06-13
a_2509523580,U101248,2026-05-17
a_3504748154,U101825,2026-04-18
a_8121058004,U101510,2026-05-05
a_6352420673,U100050,2026-07-12
a_8833018875,U100853,2026-03-08
a_7476469926,U100415,2026-07-30
a_8446822241,U100676,2026-03-10
a_6870133203,U101390,2026-01-22
a_9253962221,U100534,2026-01-26
a_1166982621,U100234,2026-02-19
a_6634996365,U101513,2026-07-04
a_1647647103,U100680,2026-01-27
a_5232644497,U100581,2026-07-17
a_9536171822,U100401,2026-04-13
a_4637409936,U100698,2026-07-19
a_5903482407,,
a_3645832555,U100527,2026-03-13
a_1029756609,U101694,2026-05-16
a_2444614935,U101392,2026-03-18
a_3438197117,,
a_9792936970,U101175,2026-04-18
a_9181928642,U101463,2026-08-05
a_9921888082,U100132,2026-02-21
a_2320784602,U100738,2026-04-29
a_5133782534,U100029,2026-05-07
a_7979388552,,
a_5020824785,U100238,2026-02-15
a_9245712055,U101359,2026-05-06
a_3204065808,U101705,2026-01-25
a_8812137978,U100323,2026-07-03
a_6914438162,U100628,2026-07-18
a_8999248126,U101909,2026-05-04
a_3126129127,U100769,2026-02-12
a_4851609360,U101941,2026-06-11
a_1635853566,U101850,2026-03-22
a_2684572694,,
a_1207716228,U100379,2026-03-24
a_1771205963,U101582,2026-01-07
a_2864022817,U101539,2026-04-14
a_2265780068,U100747,2026-07-20
a_7727643581,U101054,2026-02-05
a_5227672724,U101690,2026-05-12
a_7900159419,,
a_9246972668,U100350,2026-01-30
a_1461693812,U101272,2026-02-25
a_5547580359,U101848,2026-07-30
a_7919941033,U100051,2026-06-28
a_4956140154,U100507,2026-05-29
a_4339336972,U101060,2026-07-09
a_4296849616,U101633,2026-04-11
a_2829822856,U101102,2026-06-11
a_6682349729,U101037,2026-02-11
a_8424932729,U101699,2026-02-16
a_3643039842,U101082,2026-02-06
a_5138715508,U100575,2026-02-02
a_3002643738,U100233,2026-05-07
a_5225675664,,
a_3661437296,U101862,2026-04-30
a_8326287686,U101436,2026-04-17
a_7356493441,U100743,2026-01-22
a_9174851742,U100478,2026-02-15
a_3633457299,U100999,2026-03-28
a_5284221621,U100193,2026-07-14
a_6367940745,U101408,2026-03-14
a_5739530831,,
a_3269405663,U101614,2026-03-01
a_7782844102,U101069,2026-02-14
a_5884675904,,
a_3134844998,U100487,2026-07-19
a_6157105893,U101693,2026-03-19
a_1338098886,U101048,2026-04-14
a_9323323483,,
a_8761588100,U100471,2026-07-08
a_4864877513,U100256,2026-03-27
a_6407741480,,
a_4428723471,U101584,2026-02-09
a_7661319496,U101819,2026-04-14
a_2464585260,,
a_1194270597,U100491,2026-02-07
a_7031244237,U101571,2026-02-14
a_8490224297,,
a_3844876128,U101146,2026-07-05
a_6125594947,U100578,2026-01-13
a_5555774526,U100706,2026-06-06
a_2881912430,U101713,2026-07-06
a_7932125096,U100206,2026-04-05
a_7813771922,U101663,2026-07-04
a_6228072446,U101200,2026-01-04
a_8903675360,U100848,2026-07-31
a_2122051104,,
a_6296382970,U101814,2026-06-06
a_7421738729,U100000,2026-02-09
a_5932607171,U100226,2026-02-12
a_3170617601,U101956,2026-04-03
a_7348227077,U100249,2026-02-04
a_2122785580,,
a_5296905535,U100889,2026-01-23
a_8144086576,,
a_7296267344,U101450,2026-03-07
a_2185598502,,
a_8515812361,U100979,2026-07-30
a_5749569846,U101029,2026-01-28
a_1936903596,,
a_4563791809,,
a_6257450962,U100313,2026-04-26
a_2890271105,U100596,2026-05-18
a_5023733847,U101763,2026-03-27
a_7920464359,U100059,2026-02-20
a_5249614593,U101369,2026-08-20
a_9486485612,U100047,2026-02-15
a_3739419313,U101877,2026-08-07
a_6426671073,,
a_6964004781,U101807,2026-05-09
a_6361490219,,
a_9291705151,U100969,2026-07-02
a_3739705479,U101656,2026-03-20
a_5781152675,U101310,2026-03-31
a_1936197596,,
a_8434275535,U101910,2026-08-08
a_6098993073,,
a_4739129123,U100978,2026-02-14
a_9049782717,U101858,2026-03-18
a_5708021045,U101702,2026-05-30
a_8134343518,U100312,2026-05-27
a_7982544435,U100091,2026-01-30
a_2816940023,U100721,2026-01-13
a_8506615270,U101528,2026-02-07
a_5166668150,U101265,2026-04-21
a_8278753888,U100734,2026-08-07
a_9192344498,U100811,2026-07-04
a_4743035879,U101749,2026-05-20
a_9918634361,U100459,2026-06-07
a_3214555703,U101881,2026-01-29
a_8027254057,U101484,2026-04-03
a_6664515624,U100849,2026-01-31
a_7728403495,U100383,2026-02-23
a_8987902650,U100017,2026-06-09
a_4305159537,U100955,2026-02-23
a_9956028552,U101803,2026-06-26
a_5148848889,,
a_4826129035,U101209,2026-07-06
a_4812281562,U100987,2026-04-11
a_1207678155,U101014,2026-02-05
a_7784084522,,
a_2485748146,U101908,2026-04-23
a_1787592938,U100125,2026-01-25
a_8018132999,U100511,2026-03-30
a_6633607817,U100076,2026-04-14
a_8328974836,U100930,2026-06-16
a_4739862953,U100141,2026-06-24
a_7657635307,U101954,2026-03-23
a_2531022799,U100585,2026-04-22
a_2731734893,U100818,2026-05-06
a_1512574932,U101936,2026-02-04
a_5736178363,U100787,2026-06-21
a_4033304237,U100555,2026-06-10
a_5635258623,U101176,2026-08-07
a_7592414185,U101056,2026-03-30
a_9117353663,,
a_8564836508,U100435,2026-01-23
a_8732406401,,
a_3119359643,U100619,2026-04-05
a_2453330054,U101529,2026-02-01
a_2274875018,U101712,2026-08-07
a_2070303287,U101427,2026-07-23
a_1389667168,,
a_8135524282,U100450,2026-05-04
a_4807368718,U100766,2026-07-01
a_2111460662,U100035,2026-03-26
a_8614293638,U100947,2026-03-30
a_3977413676,U101249,2026-02-22
a_9080084243,U101196,2026-06-04
a_5295884634,U100981,2026-01-27
a_5154821077,U100241,2026-01-30
a_8275248155,U100529,2026-05-25
a_2263090455,U100343,2026-07-11
a_2094032609,U101180,2026-06-06
a_5906840502,U101442,2026-01-10
a_6791142901,,
a_8822708142,U101888,2026-06-18
a_4221188963,U101894,2026-04-30
a_1606488759,,
a_3324791090,U100506,2026-08-14
a_9187046990,U101986,2026-08-06
a_3045391005,U101579,2026-08-11
a_2493285346,U100215,2026-05-09
a_4607562323,U100208,2026-06-30
a_1297524778,U100945,2026-02-01
a_1202559051,U100064,2026-03-19
a_3006112994,U100010,2026-06-07
a_1734507957,U101751,2026-01-30
a_7169282798,U101647,2026-01-28
a_9249982849,U101661,2026-03-26
a_3327633725,,
a_9313362694,U100252,2026-03-20
a_5167910254,U101629,2026-06-24
a_4151485730,U100603,2026-02-05
a_9362449785,U100805,2026-07-05
a_5921778716,U101285,2026-06-26
a_4743932450,U101124,2026-03-01
a_7670513547,U101191,2026-04-24
a_7172270738,U101601,2026-05-01
a_1415976013,U100314,2026-02-11
a_8786796745,U101777,2026-03-15
a_6113835426,U100518,2026-01-08
a_7540491628,U100465,2026-06-09
a_5665266497,U100931,2026-08-02
a_9109642620,U100963,2026-03-04
a_9741967983,U101685,2026-07-14
a_1153626972,U100842,2026-06-11
a_7343210417,U101668,2026-02-01
a_9628328404,U101470,2026-04-08
a_1049863582,U101935,2026-08-04
a_6656840329,U100367,2026-06-22
a_4190682269,,
a_3080919281,,
a_2315772300,U101684,2026-07-04
a_9883068550,U100630,2026-06-15
a_6499530418,U100090,2026-04-03
a_5502214415,U101788,2026-04-03
a_7652175959,,
a_2945169020,U100185,2026-07-11
a_6775341116,U101677,2026-07-13
a_5039532801,U100924,2026-06-05
a_7716295896,U101156,2026-02-12
a_2182826784,U100868,2026-08-07
a_7989473184,U101654,2026-06-02
a_8697514640,U100756,2026-05-12
a_4454844016,,
a_9709292380,,
a_1926141159,U101570,2026-08-03
a_1387599818,U101062,2026-04-15
a_6267175883,,
a_9621242419,U100493,2026-02-04
a_4702289772,U100443,2026-04-02
a_2164790576,,
a_5492749614,U101842,2026-06-10
a_2153911019,U101108,2026-01-23
a_9960623331,U100224,2026-05-31
a_9679487547,,
a_9729262308,U101096,2026-02-12
a_9711138322,U100418,2026-03-20
a_2540744989,U101099,2026-08-14
a_3088866336,U101404,2026-03-14
a_3570029910,U101897,2026-07-18
a_2122800084,U100991,2026-03-08
a_9166278192,U100385,2026-05-26
a_2104610649,,
a_5061283626,,
a_5643823263,U100264,2026-07-30
a_8389204005,U101064,2026-05-16
a_5685052194,U101452,2026-06-07
a_4740922457,U100160,2026-06-27
a_8157045611,U100110,2026-06-05
a_4898029834,U100303,2026-05-27
a_7030856228,U101960,2026-02-17
a_2638820409,U100048,2026-04-09
a_3679138471,U100509,2026-05-31
a_5700120197,U100018,2026-07-08
a_7371191837,U101067,2026-06-30
a_2026767559,,
a_4295822158,U101467,2026-01-20
a_3490008112,U100934,2026-05-23
a_9209165231,,
a_8369769962,U100885,2026-05-03
a_1606118273,U100275,2026-03-22
a_2033484080,U101870,2026-01-24
a_8721193518,U101696,2026-01-25
a_5814453600,U100114,2026-07-16
a_2612644687,,
a_6847672715,,
a_6807483554,U101489,2026-03-16
a_8597776431,U100727,2026-02-27
a_2112303310,U101928,2026-07-11
a_2919209045,U101155,2026-03-06
a_7174945599,U100001,2026-07-11
a_7365916388,U101723,2026-07-27
a_1504624147,U100227,2026-02-03
a_7401152199,U101714,2026-01-23
a_4954883574,U101863,2026-02-04
a_3578135828,U101717,2026-06-26
a_5324517813,U100133,2026-04-04
a_2864793740,U101759,2026-06-06
a_5562477756,U100248,2026-03-19
a_2709134130,U101307,2026-05-24
a_2491073818,,
a_4427210764,,
a_3555637329,U100960,2026-03-10
a_2185323468,U100335,2026-02-06
a_5856121871,,
a_2418604515,U101287,2026-05-28
a_3515996759,,
a_1895263949,U101269,2026-03-10
a_4907293442,U100812,2026-06-07
a_2219709547,U101051,2026-03-15
a_8195639901,,
a_6006382071,U101162,2026-05-18
a_4554769166,U101387,2026-02-08
a_8483807678,U101113,2026-02-28
a_9009279107,U100838,2026-06-30
a_1207163204,U101947,2026-08-14
a_3344092809,U101047,2026-04-06
a_9049853744,,
a_8958578208,,
a_6682342678,U101149,2026-07-29
a_9392158270,,
a_9136047136,U100242,2026-05-19
a_5230296127,U101394,2026-03-19
a_4519661673,U100683,2026-03-02
a_3329468120,U101350,2026-06-29
a_7743283483,U101603,2026-01-22
a_7714373066,U100657,2026-01-22
a_1928253323,U100504,2026-07-11
a_5305246585,U100408,2026-08-11
a_3703360509,,
a_8750443460,U101105,2026-05-21
a_3123968343,,
a_4638432702,U101255,2026-03-15
a_8061580100,U101525,2026-01-19
a_7946707078,U101061,2026-05-20
a_2396867237,U101866,2026-08-07
a_3787704110,U101921,2026-01-26
a_1878559445,U100140,2026-05-22
a_1838855081,U100546,2026-05-18
a_9742069639,U100900,2026-01-24
a_1282544056,U100637,2026-04-04
a_9451294938,U101260,2026-06-15
a_9617658664,U101837,2026-04-11
a_9937567082,U101440,2026-08-02
a_2122864480,U101789,2026-06-26
a_7243670477,U100688,2026-01-25
a_9515064743,U101628,2026-04-08
a_3957034060,U100621,2026-04-11
a_6579212569,U101816,2026-08-03
a_5437359978,,
a_4312369352,U100583,2026-07-31
a_9147681667,U101697,2026-06-26
a_2949042977,U100332,2026-05-12
a_1658739578,U101293,2026-05-10
a_8551648107,,
a_5096654717,U101361,2026-06-11
a_9386183002,,
a_6234676810,,
a_3935203125,U101727,2026-04-01
a_8334917975,U101945,2026-01-11
